{
    "reject_rate": 0.8233333333333334,
    "all_rate": 0.09666666666666666,
    "tt": 29,
    "rejecttt": 247,
    "nums": 300
}