{
    "overall": {
        "context_precision": 0.7334722221921042,
        "context_recall": 0.7474999999999999,
        "faithfulness": 0.6853691093188355,
        "answer_relevancy": 0.7588089305918778
    },
    "by_category": {
        "general": {
            "context_precision": 0.7574999999684617,
            "context_recall": 0.7133333333333333,
            "faithfulness": 0.8170682353422292,
            "answer_relevancy": 0.9794305427424455
        },
        "multihop": {
            "context_precision": 0.8665277777527441,
            "context_recall": 0.7291666666666667,
            "faithfulness": 0.5522533783285624,
            "answer_relevancy": 0.8701366319223223
        },
        "specific": {
            "context_precision": 0.5763888888551064,
            "context_recall": 0.8,
            "faithfulness": 0.6867857142857143,
            "answer_relevancy": 0.4268596171108663
        }
    }
}