{
    "overall": {
        "context_precision": 0.7903240740385044,
        "context_recall": 0.7752777777777777,
        "faithfulness": 0.6677523084537825,
        "answer_relevancy": 0.7556180945471527
    },
    "by_category": {
        "general": {
            "context_precision": 0.7616666666353958,
            "context_recall": 0.7466666666666667,
            "faithfulness": 0.7043414899195966,
            "answer_relevancy": 0.9230293027807306
        },
        "multihop": {
            "context_precision": 0.8815277777461956,
            "context_recall": 0.6791666666666667,
            "faithfulness": 0.6447487687750846,
            "answer_relevancy": 0.9074044674887703
        },
        "specific": {
            "context_precision": 0.7277777777339213,
            "context_recall": 0.9,
            "faithfulness": 0.6541666666666667,
            "answer_relevancy": 0.43642051337195686
        }
    }
}