{
    "reject_rate": 0.4266666666666667,
    "all_rate": 0.023333333333333334,
    "tt": 7,
    "rejecttt": 128,
    "nums": 300
}