{
    "overall": {
        "context_precision": 0.7362962962654672,
        "context_recall": 0.7363888888888889,
        "faithfulness": 0.796453823953824,
        "answer_relevancy": 0.9030731895043129
    },
    "by_category": {
        "general": {
            "context_precision": 0.7516666666359271,
            "context_recall": 0.6966666666666667,
            "faithfulness": 0.9266233766233766,
            "answer_relevancy": 0.9019241102935126
        },
        "multihop": {
            "context_precision": 0.8469444444181505,
            "context_recall": 0.6875,
            "faithfulness": 0.741904761904762,
            "answer_relevancy": 0.8992575532298807
        },
        "specific": {
            "context_precision": 0.6102777777423241,
            "context_recall": 0.825,
            "faithfulness": 0.7208333333333333,
            "answer_relevancy": 0.9080379049895452
        }
    }
}