{
    "overall": {
        "context_precision": 0.7184490740389574,
        "context_recall": 0.6452777777777777,
        "faithfulness": 0.7843243793243794,
        "answer_relevancy": 0.8922922035919959
    },
    "by_category": {
        "general": {
            "context_precision": 0.6706944444193033,
            "context_recall": 0.5650000000000001,
            "faithfulness": 0.6928388278388279,
            "answer_relevancy": 0.8813040967753091
        },
        "multihop": {
            "context_precision": 0.7327083333009947,
            "context_recall": 0.5333333333333333,
            "faithfulness": 0.7809676434676435,
            "answer_relevancy": 0.8932897192702663
        },
        "specific": {
            "context_precision": 0.751944444396574,
            "context_recall": 0.8375,
            "faithfulness": 0.8791666666666667,
            "answer_relevancy": 0.9022827947304126
        }
    }
}