{
    "context_precision": 0.8224999999548771,
    "context_recall": 0.9333333333333333,
    "faithfulness": 0.43784198088545917,
    "answer_relevancy": 0.5421350232720389
}