{
    "context_precision": 0.8416666665995833,
    "context_recall": 1.0,
    "faithfulness": 0.45499999999999996,
    "answer_relevancy": 0.29981232424598797
}