{
    "context_precision": 0.7819444443960856,
    "context_recall": 0.9333333333333333,
    "faithfulness": 0.5927786373662333,
    "answer_relevancy": 0.6440263077237665
}