{
    "context_precision": 0.8051388888395381,
    "context_recall": 0.9333333333333333,
    "faithfulness": 0.5751406926406926,
    "answer_relevancy": 0.7093002768323367
}