{
    "context_precision": 0.8166666665991666,
    "context_recall": 1.0,
    "faithfulness": 0.725,
    "answer_relevancy": 0.6808476367980276
}