{
    "context_precision": 0.7981018518036709,
    "context_recall": 0.9333333333333333,
    "faithfulness": 0.5983309283309282,
    "answer_relevancy": 0.7814004729676504
}