{
    "context_precision": 0.7882407406908574,
    "context_recall": 0.9333333333333333,
    "faithfulness": 0.8287830687830688,
    "answer_relevancy": 0.6914882519760449
}