{
    "context_precision": 0.7788425925454655,
    "context_recall": 0.9333333333333333,
    "faithfulness": 0.6137037037037038,
    "answer_relevancy": 0.8082744577101155
}