{
    "context_precision": 0.8166666665991666,
    "context_recall": 1.0,
    "faithfulness": 0.7133333333333333,
    "answer_relevancy": 0.5816710887230525
}