{
    "context_precision": 0.8030555555070763,
    "context_recall": 0.9333333333333333,
    "faithfulness": 0.6950000000000001,
    "answer_relevancy": 0.8379090308349767
}