{
    "context_precision": 0.7769444443968772,
    "context_recall": 0.9333333333333333,
    "faithfulness": 0.7877777777777778,
    "answer_relevancy": 0.8918316864271609
}