{
    "context_precision": 0.703796296262451,
    "context_recall": 0.8013888888888888,
    "faithfulness": 0.3469070435737102,
    "answer_relevancy": 0.8802741885764284
}