{
    "context_precision": 0.5985416666375585,
    "context_recall": 0.49749999999999994,
    "faithfulness": 0.3383459689032444,
    "answer_relevancy": 0.7841555789435716
}