{
    "context_precision": 0.7449074073686149,
    "context_recall": 0.8888888888888888,
    "faithfulness": 0.27314814814814814,
    "answer_relevancy": 0.8157836685935506
}