{
    "context_precision": 0.7588888888546436,
    "context_recall": 0.7591666666666667,
    "faithfulness": 0.3745951843230787,
    "answer_relevancy": 0.9014414321826247
}