{
    "overall": {
        "context_precision": 0.7938194444089023,
        "context_recall": 0.7919444444444445,
        "faithfulness": 0.9098208273208274,
        "answer_relevancy": 0.8419956014333541
    },
    "by_category": {
        "general": {
            "context_precision": 0.7644444444168588,
            "context_recall": 0.7966666666666666,
            "faithfulness": 0.9417045454545455,
            "answer_relevancy": 0.9542549361831731
        },
        "multihop": {
            "context_precision": 0.8867361110796903,
            "context_recall": 0.6791666666666667,
            "faithfulness": 0.8520436507936507,
            "answer_relevancy": 0.7314148880183834
        },
        "specific": {
            "context_precision": 0.7302777777301575,
            "context_recall": 0.9,
            "faithfulness": 0.9357142857142857,
            "answer_relevancy": 0.8403169800985058
        }
    }
}