{
    "overall": {
        "context_precision": 0.7866203703380097,
        "context_recall": 0.7641666666666667,
        "faithfulness": 0.44887952956052507,
        "answer_relevancy": 0.8445952377343083
    },
    "by_category": {
        "general": {
            "context_precision": 0.7856249999725052,
            "context_recall": 0.7466666666666667,
            "faithfulness": 0.47711681186877686,
            "answer_relevancy": 0.8907290906222223
        },
        "multihop": {
            "context_precision": 0.8675694444157876,
            "context_recall": 0.6458333333333333,
            "faithfulness": 0.4445472192066619,
            "answer_relevancy": 0.8730178353828423
        },
        "specific": {
            "context_precision": 0.7066666666257361,
            "context_recall": 0.9,
            "faithfulness": 0.42497455760613656,
            "answer_relevancy": 0.7700387871978609
        }
    }
}