{
    "overall": {
        "context_precision": 0.7280787036682104,
        "context_recall": 0.6605555555555556,
        "faithfulness": 0.4062612931181771,
        "answer_relevancy": 0.852552001194111
    },
    "by_category": {
        "general": {
            "context_precision": 0.6672916666416266,
            "context_recall": 0.5900000000000001,
            "faithfulness": 0.4795954045954046,
            "answer_relevancy": 0.9290383592652951
        },
        "multihop": {
            "context_precision": 0.7233333333016112,
            "context_recall": 0.5541666666666666,
            "faithfulness": 0.48249031911360263,
            "answer_relevancy": 0.7749952633733251
        },
        "specific": {
            "context_precision": 0.7936111110613935,
            "context_recall": 0.8375,
            "faithfulness": 0.25669815564552406,
            "answer_relevancy": 0.8536223809437127
        }
    }
}