{
    "overall": {
        "context_precision": 0.7423148147778221,
        "context_recall": 0.6494444444444444,
        "faithfulness": 0.5845663791832522,
        "answer_relevancy": 0.8109357259763825
    },
    "by_category": {
        "general": {
            "context_precision": 0.6703472221959763,
            "context_recall": 0.5900000000000001,
            "faithfulness": 0.5742659623658076,
            "answer_relevancy": 0.8772481422014836
        },
        "multihop": {
            "context_precision": 0.7963194444068189,
            "context_recall": 0.5208333333333333,
            "faithfulness": 0.5213241436925647,
            "answer_relevancy": 0.8898347200965558
        },
        "specific": {
            "context_precision": 0.7602777777306713,
            "context_recall": 0.8375,
            "faithfulness": 0.6581090314913844,
            "answer_relevancy": 0.6657243156311085
        }
    }
}