{
    "reject_rate": 0.6633333333333333,
    "all_rate": 0.07333333333333333,
    "tt": 22,
    "rejecttt": 199,
    "nums": 300
}